章节,题干,A,B,C,D,答案,难度,图片
绪论,人类进入21 世纪，英国广播公司（BBC）在全球范围内进行“千年思想家”网评，名列榜首的是（ ）,马克思,爱因斯坦,达尔文,牛顿,A,中,
绪论,马克思主义产生于（ ）,18 世纪90 年代,19 世纪40 年代,19 世纪70 年代,19 世纪90 年代,B,中,
绪论,马克思主义公开问世的标志性著作是（ ）,《共产党宣言》,《德意志意识形态》,《资本论》,《神圣家族》,A,中,
绪论,马克思主义的创始人是（ ）,马克思和亚当・斯密,马克思和大卫・李嘉图,马克思和恩格斯,马克思和费尔巴哈,C,中,
绪论,马克思主义是（）,关于无产阶级和人类解放的科学,人类全部优秀文化成果和总汇,自然知识和社会知识的总和,关于未来社会具体设想的学说,A,中,
绪论,马克思主义理论从广义上说是（）,不仅指马克思恩格斯创立的基本理论、基本观点和学说的体系，也包括继承者对它的发展,无产阶级争取自身解放和整个人类解放的学说体系,关于无产阶级斗争的性质、目的和解放条件的学说,马克思和恩格斯创立的基本理论、基本观点和基本方法构成的科学体系,A,中,
绪论,马克思主义理论从狭义上说是（）,无产阶级争取自身解放和整个人类解放的学说体系,关于无产阶级斗争的性质、目的和解放条件的学说,马克思和恩格斯创立的基本理论、基本观点和基本方法构成的科学体系,关于资本主义转化为社会主义以及社会主义和共产主义发展的普遍规律,C,中,
绪论,马克思主义的鲜明理论特征是（）,革命性与稳定性的统一,批判性与变动性的统一,科学性与革命性的统一,逻辑性与历史性的统一,C,中,
绪论,马克思主义科学性与革命性统一的基础是（）,逻辑性,理论性,战斗性,实践性,D,中,
绪论,马克思主义的理论品质是（）,自我批判,与时俱进,不迷信权威,批判与继承的统一,B,中,
绪论,马克思主义生命力的根源在于（）,以实践性为基础的科学性和革命性的统一,与时俱进,科学性与阶级性的统一,科学性,A,中,
绪论,马克思主义哲学区别于一切旧哲学的最主要最显著的特征是（）,阶级性,革命性,实践性,科学性,C,中,
绪论,马克思的两个伟大理论发现是（）,辩证唯物主义和历史唯物主义,阶级斗争和无产阶级专政学说,唯物史观和剩余价值学说,社会主义和共产主义,C,中,
绪论,下列选项属于马克思主义三个主要组成部分之一的是（）,马克思主义政治学,科学社会主义,马克思主义伦理学,空想社会主义,B,中,
绪论,下列选项中不属于马克思主义直接理论来源的是（）,德国古典哲学,法国启蒙思想,英国古典经济学,英法两国空想社会主义学说,B,中,
绪论,作为中国共产党和社会主义事业指导思想的马克思主义是指（）,不仅指马克思恩格斯创立的基本理论、基本观点和学说体系，也包括继承者对它的发展,无产阶级争取自身的解放和整个人类解放的学说体系,关于无产阶级斗争的目的、性质和解放条件的学说,列宁创立的基本理论、基本观点和基本方法构成的科学体系,A,中,
绪论,促成马克思列宁主义在中国传播的重大历史事件是（）,辛亥革命,十月革命,五四运动,中国共产党成立,B,中,
绪论,马克思主义中国化的第一个伟大理论成果是（）,大同思想,三民主义,毛泽东思想,邓小平理论,C,中,
绪论,马克思主义产生的经济根源是（ ）,美洲大陆的发现,机器大工业代替工场手工业,资本主义社会生产力和生产关系的矛盾,生产过剩危机的周期性爆发,C,中,
绪论,19 世纪三四十年代的欧洲三大工人运动失败的根本原因是（ ）,缺乏政治纲领,没有明确的斗争目标,反动力量过于强大,没有科学理论指导,D,中,
1,思维与存在的关系问题是（）,唯心主义哲学的基本问题,唯物主义哲学的基本问题,全部哲学的基本问题,一部分哲学的基本问题,C,中,
1,列宁的物质定义揭示物质的唯一特性是（）,运动,物质可以认识,物质能为感官感知,客观实在性,D,中,
1,“人不能两次踏进同一条河流”和“人一次也不能踏进同一条河流”这两种观点是（）,前者是辩证法，后者诡辩论,前者是形而上学，后者是辩证法,是相同的，只是强调的方面不同,二者都是辩证法，后者是对前者的发展,A,中,
1,“没有革命的理论，就没有革命的行动”。这句话说明的哲学道理是（）,理论高于实践活动,科学理论对实践有指导作用,理论是革命工作的出发点,理论对实践起决定作用,B,中,
1,唯物辩证法的根本方法是（）,观察实验方法,逻辑推理方法,矛盾分析法,归纳演绎方法,C,中,
1,马克思主义认为，哲学是（）,人们自发形成的世界观,理论化、系统化的世界观,科学的世界观,无产阶级的世界观,B,中,
1,人们先设计图纸，然后根据图纸施工建成大楼，这说明（）,意识决定物质,意识创造物质,意识对物质有能动作用,意识依赖于物质,C,中,
1,“马克思主义最本质的东西，马克思主义活的灵魂：具体地分析具体情况”。这就是要人们在实践中学会运用（）,矛盾普遍性原理,运动、发展的原理,普遍联系的原理,矛盾特殊性原理,D,中,
1,“一把钥匙开一把锁”，这句话在哲学上讲（）,矛盾的普遍性,矛盾的斗争性,矛盾的特殊性,矛盾的同一性,C,中,
1,发展的实质是（）,前进性和曲折性的统一,量变和质变的相互转化,运动和静止的相对统一,新事物的产生和旧事物的灭亡,D,中,
1,“拔苗助长”的事例是（）,重视可能性的表现,忽视可能性的表现,违反事物发展规律的表现,发挥主观能动性的表现,C,中,
1,黑格尔说，割下来的手就不是真正的人手了。这句话表达的哲学道理是（）,承认世界的统一性,承认世界的本原始是物质的,否认联系的形而上学观点,承认普遍联系的辩证法观点,D,中,
1,列宁对辩证唯物主义物质范畴的定义是通过（）,物质与意识的关系界定的,个别与一般的关系界定的,哲学与具体科学的关系界定的,认识与实践的关系界定的,A,中,
1,主张“世界上除了运动着的物质之外，什么也没有”的观点，属于（）,否认人的意识存在的自然唯物主义,主张世界统一于物质的辩证唯物主义,否认时间与空间存在性的唯心主义,把人的意识理解成为某种特殊的“精细物质”的机械唯物主义,B,中,
1,《坛经》中记载：“时有风吹幡动，一僧曰幡动，一僧曰风动，议论不已。慧能进曰：“不是风动，不是幡动，仁者心动。”这段话表明慧能关于运动观的基本观点是（）,运动是物质的根本属性,运动和物质是不可分割的,物质是运动的主体,精神是运动的主体,D,中,
1,中国古代哲学家荀子说：“心不使焉，则白黑在前而目不见，雷鼓在侧而耳不闻。”这段话表明人的意识具有 ( ),客观性,能动性,对象性,任意性,B,中,
1,“观念的东西不外是移入人的头脑并在人的头脑中改造过的物质的东西而已。”这个命题表明（）,意识是客观存在的主观映象,人脑是意识的源泉,观念的东西和物质的东西没有本质区别,意识是人脑特有的物质,A,中,
1,马克思主义哲学认为，我们想问题，办事情的出发点是（）,正确的原则,人们的目的，制定的路线,领导者的意图,客观存在的事实,D,中,
1,我国哲学家范缜说：“形存则神存，形谢则神灭。”这是（）,客观唯心主义观点,形而上学的观点,唯物主义观点,主观唯心主义观点,C,中,
1,马克思主义哲学大厦的基石是（）,世界是联系和发展的原理,世界是运动变化的原理,世界统一于物质的原理,世界统一于精神的原理,C,中,
1,唯心主义的思想认识根源是（）,否认意识的能动性,夸大意识的能动性,夸大物质的决定作用,承认物质的决定作用,B,中,
1,承认人的观念、情绪等对人体生理活动有重要影响，这是（）,符合实际的唯物主义,唯意识论的观点,机械论的观点,物与物的关系,A,中,
1,“劳动过程结束时得到的结果，在这个过程开始时就已经在劳动者的表象中存在着” ，这是（）,客观唯心主义观点,主观唯心主义观点,形而上学唯物主义观点,辩证唯物主义观点,D,中,
1,把世界的本原归结为某种或某几种具体物质形态的观点是（）,形而上学唯物主义,唯心主义,朴素唯物主义,辩证唯物主义,C,中,
1,“动中有静，静中有动”说的是（）,形而上学和诡辩论的统一,绝对运动和相对静止的统一,物质和运动的统一,连续性和非连续性的统一,B,中,
1,“人不能两次踏进同一条河流”主要说明运动和静止的关系是（）,运动是绝对的，静止是相对的,运动是相对的，静止是绝对的,静止是绝对的，运动也是绝对的,静止是相对的，运动也是相对的,A,中,
1,下列关于意识的表述，正确的是（）,意识是与物质同时产生的,意识不仅是自然界长期发展的产物，还是人类社会发展的产物,意识是先于物质而产生的,意识是人脑对客观事物的正确反映,B,中,
1,世界上本没有鬼，可是人们能画出牛头马面人身等各种各样的鬼的图形来，这仍然表明（）,意识的内容来自人脑,意识的内容来自主观能动性,意识的内容来自人的思维活动,意识的内容来自外部世界,D,中,
1,所谓意识是“客观存在的主观映像”是指（）,意识是客观精神和主观感觉的产物,意识是沟通客观和主观的桥梁,意识的形式是客观的，而它的内容和源泉是主观的,意识的内容是客观的，而它的形式是主观的,D,中,
1,“人有多大胆，地有多大产”观点的错误在于（）,夸大了意识的能动性,夸大了运动的绝对性,夸大了静止的相对性,夸大了矛盾的特殊性,A,中,
1,马克思说“搬运夫和哲学家之间的原始差别要比家犬和猎犬之间的差别小得多。它们之间的鸿沟是分工掘成的”。这说明人的才能 （ ）,与人的先天生理素质没有关系,主要来源于后天的实践,取决于人的主观努力,是由人的社会政治地位决定的,B,中,
1,唯物辩证法认为，事物发展的规律是（ ）,思维对事物本质的概括和反映,用来整理感性材料的思维形式,事物内在的本质的稳定的联系,事物联系和发展的基本环节,C,中,
1,在哲学史中，我们可以看到，各种唯心主义派别之间的差异和矛盾，常常有利于唯物主义的发展。这一事实说明（ ）,矛盾一方克服另一方，促使事物发展,矛盾双方彼此对立,矛盾双方中每一方的自身矛盾，可以为另一方的发展所利用,矛盾双方的融合促使事物的发展,C,中,
1,认为“任何一个事物都和物质世界的其它事物处于普遍联系之中”，是（ ）,唯物辩证法的正确观点,.唯心主义诡辩论的错误观点,形而上学的错误观点,机械唯物主义的观点,A,中,
1,矛盾的两种基本属性是（）,矛盾的主要方面和矛盾的次要方面,矛盾的同一性和斗争性,矛盾的普遍性和特殊性,矛盾的对抗性和非对抗性,B,中,
1,辩证法所说的矛盾是指（）,人们思维中的自相矛盾,事物之间或事物内部各要素之间的对立统一,对立面的相互排斥,事物之间或事物内部各要素之间的相互依赖,B,中,
1,主要矛盾和矛盾的主要方面原理在方法论上应坚持（）,均衡论,一点论,重点论,二元论,C,中,
1,在马克思主义普遍原理指导下，从中国的基本国情出发，走建设有中国特色的社会主义道路。这体现了（）,矛盾的同一性和斗争性的统一,矛盾的普遍性和特殊性的统一,事物发展的量变和质变的统一,事物发展的前进性和曲折性的统一,B,中,
1,“只见树木，不见森林”；“一叶障目，不见泰山”。这是一种（）,不可知论的观点,相对主义的观点,庸俗主义的观点,形而上学的观点,D,中,
1,区分新事物和旧事物的标志在于看它们（）,是不是在新的历史条件下出现的,是不是符合事物发展规律，有强大的生命力,是不是具有新形式和新特点,是不是得到绝大多数人的承认,B,中,
1,辩证法所要回答的是（）,世界的本原是什么的问题,世界的本质是什么的问题,世界的状况是怎么样的问题,世界是否可知的问题,C,中,
1,唯物辩证法的总特征是（ ）,唯物辩证法的范畴体系,矛盾的对立面又统一又斗争的观点,普遍联系和永恒发展的观点,运动和静止辩证统一的观点,C,中,
1,唯物辩证法的实质和核心是（ ）,质量互变规律,对立统一规律,否定之否定规律,联系和发展的规律,B,中,
1,古人说：“白马非马”，这种说法的错误在于它割裂了（ ）,矛盾的斗争性和同一性的关系,矛盾的普遍性和特殊性的关系,主要矛盾和次要矛盾的关系,矛盾的主要方面和次要方面的关系,B,中,
1, 面对消极腐败的东西，我们一定要提高警惕，做到见微知著，防微杜渐。因为（ ）,量变积累到一定程度就会引起质变,原因必然引起结果,外因通过内因而起作用,矛盾双方在一定条件下相互转化,A,中,
1,只有发展才能产生新事物，发展的本质是（）,简单,低级,前进,联系,C,中,
1,我们常说“失败是成功之母”，即失败总是与成功相生相伴，没有失败就不会有成功。上述观点给我们的启示是（）,矛盾是事物发展的动力,矛盾具有普遍性和特殊性,内因是事物发展的根本原因,矛盾在一定条件下是可以相互转化的,D,中,
1,意识对物质有反作用，这种反作用是（ ）,无限的,受客观条件制约的，归根结底还是由物质决定的,被动的,可以为所欲为的,B,中,
1,“金无足赤，人无完人”， 这句俗语表达的哲学思想是（ ）,混淆是非界限的相对主义观点,混淆肯定和否定的区别的形而上学观点,割裂肯定和否定的辩证关系的形而上学观点,承认肯定和否定的对立统一关系的辩证法关系,D,中,
1,设想没有运动的物质的观点是（ ）,形而上学唯物主义,朴素唯物主义,主观唯心主义,客观唯心主义,A,中,
1,正确发挥意识能动作用的前提是（ ）,个人积极性的充分调动,集体智慧的充分发挥,对保守思想的彻底克服,对客观规律的正确反映,D,中,
1,世界观是人们在实践中形成的（ ）,对于自然现象的基本观点,对于整个世界的根本观点,对于人生意义的独特见解,对于社会问题的具体看法,B,中,
1,认为原子是构成物质世界一切事物的最小单位，是堆砌宇宙大厦的“宇宙之砖”。这是一种（ ）,朴素唯物主义的物质观,庸俗唯物主义的物质观,辩证唯物主义的物质观,形而上学唯物主义的物质观,D,中,
1,下列各项正确反映物质和运动关系的是（）,运动是内容，物质是其形式,运动是现象，物质是其本质,运动是暂时的，物质是永恒的,运动是物质的固有属性，物质是运动的主体,D,中,
1,对立统一规律揭示了（）,事物发展的动力和源泉,事物发展的状态和形式,事物发展的方向和道路,事物发展的两种趋向,A,中,
1,在实际工作中，要注意掌握分寸，防止“过”或“不及”，这在哲学上属于（）,抓事物的主要矛盾,确定事物的质,认识事物的量,把握事物的度,D,中,
1,马克思主义实践观是从（）,主观性中把握人的活动的,客观性中把握人的活动的,生物性中把握人的活动的,主观与客观的关系中把握人的活动,D,中,
1,唯心主义的两种基本形式是（ ）,形而上学唯心主义和辩证唯心主义,主观唯心主义和客观唯心主义,彻底的唯心主义和不彻底的唯心主义,自然观上的唯心主义和历史观上的唯心主义,B,中,
1,辩证唯物主义所说的静止，是指运动的（ ）,必要准备,外在表现,一种特殊状态,一种必然结果,C,中,
1,“盲人摸象”与“管中窥豹，可见一斑”，告诉我们的哲学道理是（）,坚持适度原则,坚持两点论与重点论相统一,事物的发展是前进性与曲折性的统一,看问题要全面，反对以点带面、以偏概全,D,中,
1,“风定花犹落，鸟鸣山更幽”形象地表达了动和静的辩证关系是（）,静不是动，动不是静,静中有动，动中有静,动是必然的，静是偶然的,动是静的原因，静是动的结果,B,中,
1,毛泽东指示我们要“古为今用”“洋为中用”，既不能厚古薄今，又不能崇洋媚外。毛泽东的思想是符合唯物辩证法的（）,事物的发展的方向是前进性和曲折性相统一原理,质量互变规律的原理,否定既是发展的环节，又是联系的环节的原理,发展的实质是新事物的产生和旧事物灭亡的原理,C,中,
1,“环境的改变和人的活动，只能被看作是并合理地理解为变革的实践。”这是（）,一切唯物主义观点,辩证唯物主义观点,形而上学唯物主义观点,一切唯心主义观点,B,中,
1,医学科学证明，如果人的大脑皮层受损，就会丧失思维能力，没有意识。这说明（）,人脑是意识的源泉,人脑是意识的物质器官,人脑健康自然会有正确的意识,意识是对外界事物的正确反映,B,中,
1,价值规律是通过商品交换中价格围绕价值上下波动表现出来的。这说明（ ）,必然性通过偶然性为自己开辟道路,必然性可以转化为偶然性,事物的发展是由量变向质变转变的过程,事物发展是由可能性向现实性转化的过程,A,中,
1,下列活动中，属于最基本的实践活动的是（）,处理人际关系的伦理活动,处理社会关系的实践活动,物质生产实践活动,科学实验活动,C,中,
1,在唯物辩证法看来，水果同苹果、梨、香蕉、桃子等的关系属于（）,全体和部分的关系,共性和个性的关系,本质和现象的关系,内容和形式的关系,B,中,
1,区分量变和质变的根本标志是（）,事物的变化是否迅速,事物的变化是否平稳,事物的变化是否具有必然性,事物的变化是否超出度的范围,D,中,
1,肯定思维和存在具有同一性，是（）,辩证法的观点,形而上学的观点,唯心主义的观点,可知论的观点,D,中,
1,把一事物与其他事物区别开来的依据是（）,事物的度,事物的量,事物的质,事物的形状,C,中,
1,对物质和意识哪个是第一性问题的不同回答，形成了哲学上的两大基本派别。这两大基本派别是（）,唯物主义和唯心主义,辩证法和形而上学,一元论和二元论,可知论和不可知论,A,中,
1,主张没有物质的运动的观点是（ ）,唯心论,不可知论,机械唯物论,朴素唯物论,A,中,
1,马克思主义认为，社会生活在本质上是（ ）,联系的,精神的,发展的,实践的,D,中,
1,在客观规律面前，人的主观能动性表现在（ ）,人可以创造规律,人可以消灭规律,人可以改变规律,人可以认识和利用规律,D,中,
1,辩证法的否定即“扬弃”，它的含义是指（ ）,抛弃,事物中好的方面和坏的方面的组合,纯粹的否定,既克服又保留,D,中,
1,毛泽东“坐地日行八万里，巡天遥看一千河”诗句包含的哲学道理是（）,物质运动的客观性和时间空间的主观性的统一,物质运动绝对性和静止的相对性的统一,物质运动的无限性和时间空间的有限性的统一,物质运动的多样性和静止的单一性的统一,B,中,
1,“当然，物质和意识的对立，也只是在非常有限的范围内才有绝对的意义。”这里的“有限的范围”是指（ ）,物质能否为意识所正确反映,物质和意识是否相互作用,意识能否反作用于物质,物质第一性和意识第二性,D,中,
1,在唯物辩证法的三大规律中，否定之否定规律被人类认识得最晚，这是因为它所揭示的对象与其他两个规律有所不同，否定之否定规律揭示了事物发展的（）,源泉和动力,形式和状态,结构和功能,方向和道路,D,中,
1,雪莱有一句脍炙人口的名言：“冬天来了，春天还会远吗？”该名言体现了（ ）,发展的观点,质量互变规律,前进性和曲折性相统一的观点,对立统一规律,C,中,
1,“凡事预则立，不预则废”这一古训的哲学方法论意义是指（ ）,正确认识事物的因果联系是自觉活动的决定性条件,正确认识事物的因果联系同“神学目的”论划清界限,正确认识事物的因果联系同唯心主义划清界限,正确认识事物的因果联系可以提高实践活动的预见性,D,中,
1,清代赵冀有诗曰：“李杜诗篇万口传，至今已觉不新鲜。江山代有才人出，各领风骚数百年。”这首诗启发我们（ ）,要把世界上的事物如实地看成是一个变化发展的过程,世界上的事物和现象是瞬息万变，难以把握的,要弄清事物在其发展过程中所处阶段,事物发展过程中只有偶然没有必然,A,中,
1,“和而不同，同则不和”，这种对和谐的看法表明（ ）,和谐与矛盾是排斥的,和谐和矛盾是同一的,和谐包含着矛盾,有矛盾就没有和谐,C,中,
1,《孙子兵法》曰：“投入亡地然后存，陷于死地而后生。”韩信据此背水一战，打败赵军；马谡据此屯兵山下，痛失街亭。同是根据《兵法》却造成不同的结果。这说明（ ）,矛盾具有普遍性。两者没有共性,具体问题具体分析是解决矛盾的关键,《兵法》本身有正确和错误之分,矛盾双方是既对立又统一的,B,中,
1,杜甫诗曰：“挽弓当挽强，用箭当用长，射人先射马，擒贼先擒王。”这首诗蕴含的哲理是（ ）,看问题要分清主流和支流,承认矛盾客观性，正确对待矛盾,既要看到矛盾主要方面，又要看到矛盾次要方面,抓主要矛盾，抓中心，抓关键,D,中,
1,“东北二人转”是一种非物质文化遗产。新中国成立后，艺术家们对“二人转”曲牌在内容上取其精华、去其糟粕，继承健康、幽默、风趣的优良传统，在形式上不断出新，伴奏乐器增加了扬琴、琵琶等，并兼用武场鼓、锣、钹综合艺术质量不断提高。这说明发展（ ）,是物质运动的一种方式和属性,是对旧事物的辩证否定,是新出现的事物取代旧事物的过程,是事物状态乃至性质的改变,B,中,
1,在唯物辩证法的环节体系中，偶然性是必然性的（）,必要前提,必然结果,发展趋势,表现形式,D,中,
1,否认思维与存在具有同一性必然导致（）,绝对主义,唯物主义,不可知论,唯心论,C,中,
1,在下列选项中，区分唯物主义三种基本形态的重要依据是（）,坚持唯物主义一元论,以近代自然科学为依据,对物质认识的深度和广度,指出客观实在性是物质的本质,C,中,
1,辩证唯物主义的物质范畴与自然科学的物质范畴的关系是（）,本原与派生的关系,普遍与特殊的关系,本质与现象的关系,内容与形式的关系,B,中,
1,马克思说：“精神”从一开始就很倒霉，受到物质的“纠缠”，物质在这里表现为振动着的空气层、声音，简言之，即语言。这表明（）,语言是意识的物质外壳,语言是思想的间接现实,空气层是振动着的物质,语言是被物质纠缠着的意识,A,中,
1,马克思、恩格斯批评费尔巴哈说，：当费尔巴哈是一个唯物主义者的时候，历史在他的视野之外；当他去探讨历史的时候，他不是一个唯物主义者。在他那里，唯物主义和历史是彼此完全脱离的。这段话的意思是（）,费尔巴哈不懂历史,费尔巴哈不是一个唯物主义者,费尔巴哈不懂得人类社会的物质性,费尔巴哈是历史唯物主义者,C,中,
1,马克思说：“在对事物的肯定的理解同时包含对现存事物的否定的理解”。这句话蕴含的观点属于（）,形而上学的观点,相对主义的观点,辩证法的观点,唯物论的观点,C,中,
1,“是就是，不是就不是，除此之外都是鬼话，”这在西方社会算是一句名言，处理简单日常事务时，执这种观点无可厚非。作为哲学观点，它（）,坚持了辩证的否定观,执著于形而上学否定观,认为不能肯定一切或否定一切,在肯定中看到否定，在否定中看到肯定,B,中,
1,在矛盾体系中，处于支配地位并对事物发展起决定性作用的是（ ）,普遍矛盾,内部矛盾,主要矛盾 ,次要矛盾,C,中,
1,唯物辩证法和形而上学根本分歧和斗争的焦点在于（  ）,是否用整体性观点看问题,是否承认事物的变化不仅有量变而且有质变,是否承认事物的内部矛盾是事物发展的动力和源泉  ,是否承认事物在运动,C,中,
1,马克思揭示了劳动力的本质是如何被资本主义的工资形式所掩盖的真相，对此理解正确的是（）,夸大了现象和本质的区别,否认了现象和本质的区别,揭示了现象和本质的区别,夸大了现象和本质的统一,C,中,
1,揭示事物发展是前进性和曲折性统一的规律是（  ）,联系和发展的规律,对立统一规律 ,质量互变规律,否定之否定规律,D,中,
1,“防微杜渐”体现的哲学道理是（  ）,对立统一规律的原理 ,质量互变规律的原理,否定之否定规律的原理,矛盾的同一性和斗争性关系的原理,B,中,
1,“没有无内容的空洞的形式，也没有无形式的纯粹的内容”，这一说法（）,揭示了内容与形式的联系,肯定了内容与形式的区别,否认了内容与形式的区别,夸大了形式的作用,A,中,
1,事物的否定方面是指（  ）,事物的积极方面,事物的消极方面,事物中维持其存在的方面,事物中促使其灭亡的方面,D,中,
2,马克思主义认为，从实践的活动机制看，实践是（  ）,主体与客体通过中介相互作用的过程,道德行为和政治活动,科学实验,生活、行为、现实、实事等感性活动 ,A,中,
2,实践的主体是（?????? ） ,绝对精神,具有思维能力、从事社会实践和认识活动的人,人,人的意识 ,B,中,
2,实践的客体是（  ）,绝对精神的对象化   ,客观物质世界 ,人的意识的创造物,进人主体的认识和实践范围的客观事物,D,中,
2,实践的中介是（  ）,各种形式的工具、手段及其运用的程序和方法,对一事物存在和发展有联系的各种要素的总和 ,构成事物一切要素的总和,受命于主观，见之于客观的活动 ,A,中,
2,马克思主义认为，主客体之间的价值关系是指（  ）,主体对客体的物质欲望和要求,主体对客体的能动反映 ,主体对客体的改造和变革的结果,客体对于主体的有用性和效益性,D,中,
2, “社会上一旦有技术上的需要，则这种需要会比十所大学更能把科学推向前进。”这说明（  ）,实践是认识的来源,技术推动了科学的发展 ,实践是认识发展的动力  ,科学进步是实践的目的 ,C,中,
2,恩格斯说“人的智力是按照人如何学会改变自然界而发展的。”它强调的是（）,实践是认识的来源,实践是认识的动力 ,实践是认识的目的,实践为认识提供可能性,B,中,
2,感性认识的特点是（）,直接性、形象性,逻辑性、综合性,间接性、抽象性 ,具体性、历史性,A,中,
2,“纸上得来终觉浅，绝知此事要躬行”，陆游这一名句强调的是（  ）,实践是认识的来源,实践是推动认识发展的动力,实践是认识的目的 ,间接经验毫无用处 ,C,中,
2,感性认识和理性认识的区别是（  ）,感性认识是可靠的，理性认识是不可靠的,感性认识来源于实践，理性认识来源于书本,感性认识是对现象的认识，理性认识是对本质的认识,感性认识来源于直接经验，理性认识来源于间接经验,C,中,
2,我们通过眼、耳、鼻、舌、身各种感官感觉到一个梨子的各种属性，在意识中把它们联系起来形成了关于这个梨子的感性形象，这种反映形式是（  ）,感觉,知觉,表象,分析,B,中,
2,对于哲学史上长期争论不休的唯理论和经验论两大派别的正确评价是（  ）,唯理论是正确的，经验论是错误的   ,经验论是正确的，唯理论是错误地 ,唯理论和经验论各有片面的真理性,唯理论和经验论都是完全错误的 ,C,中,
2,“真理和谬误的对立，只是在非常有限的范围内才有意义”是（  ）,形而上学的观点,唯物辩证法的观点 ,诡辩论的观点  ,相对主义的观点 ,B,中,
2,真理与谬误之间的相互关系是（  ）,在任何情况下都是绝对对立的 ,没有相互转化的可能性,在一定条件下可以互相转化,两者之间没有原则区别,C,中,
2,“真理是人造的供人使用的工具”的看法是（  ）,主观唯心主义,客观唯心主义,辩证唯物主义,机械唯物主义 ,A,中,
2,“真理是思想形式，是人类经验的组织形式”这是（  ）,主观唯心主义真理论   ,辩证唯物主义真理论,客观真理论,形而上学真理论 ,A,中,
2,“此亦一是非，彼亦一是非”的命题，其含义是（  ）,强调真理的客观性,否认真理的客观性 ,强调真理具有客观标准  ,否认真理具有客观标准 ,D,中,
2, “对客观事物的反映即是真理”，这是（  ）,混淆了真理性认识与一般认识的错误观点,辩证唯物主义的真理观 ,一切唯物主义的真理观,混淆了真理的客观性与规律客观性 ,A,中,
2, “听其言必责其用，观其行必求其功。”这种观点是（  ）,强调认识对实践的作用,强调实践对认识的检验作用,认为认识可以脱离实践  ,认为实践可以脱离认识,B,中,
2,要正确实现理性认识到实践的飞跃，必须使理论为群众所掌握，化为群众的自觉行动，这是因为（）,群众是人口中的大多数,群众是社会实践的主体,群众的意见都是正确的   ,群众的行动都是合理的,B,中,
2, “人的思维是否具有真理性，这并不是一个理论的问题，而是一个实践的问题。人应该在实践中证明自己思维的真理性，即自己思维的现实性和力量，亦即自己思维的此岸性。”这一论断说明了（  ）,实践是认识的来源和动力 ,实践是检验认识是否具有真理性的唯一标准 ,实践检验真理不需要理论指导  ,认识活动与实践活动具有同样的作用和力量 ,B,中,
2,列宁提出的：“从物到感觉和思想”与“从思想和感觉到物”是（  ）,唯物主义认识论与唯心主义认识论的对立 ,经验论与唯理论的对立 ,反映论与先验论的对立,可知论与不可知论的对立 ,A,中,
2,没有抽象的真理，真理总是具体的。这一命题强调（  ）,真理是感性的直观，不是理性的抽象,真理的内容是客观的，形式是主观的,同一对象真理性的认识只有一个 ,真理是与人的具体利益相联系的 ,C,中,
2,法国科学家路易 ? 巴斯德说：“在观察事物之际，机遇偏爱有准备的头脑。”这句话强调了（  ）,人们只有发挥主观能动性才能认识事物,人们获得感性经验至关重要 ,人们不仅要善于观察事物，而且要善于思考问题,人们在认识事物时要有理性的指导,D,中,
2,真理和谬误的界限在于（  ）,是否符合人的利益和愿望 ,是否符合马克思主义 ,是否反映了客观事物的本质和规律  ,是否为大多数人所接受,C,中,
2,真理的绝对性是指它的（  ）,具体性,客观性,终极性,全面性,B,中,
2,真理观上的相对主义，错误在于（??? ） ,夸大真理的相对性，否认真理的绝对性,夸大真理的绝对性，否认真理的相对性 ,只讲真理的客观性，否认真理的相对性,认为关于同一对象真理性的认识只有一个 ,A,中,
2,实践基础上的理论创新，是（  ）,决定了社会发展趋势,决定着社会变革力度 ,社会发展和变革的先导,一个国家兴旺发达的最终源泉 ,C,中,
2,重视理论创新，必须反对（  ）,经验主义,先验论,绝对主义,教条主义 ,D,中,
2,马克思主义认识论首要的和基本的观点是（）,唯物论的观点,实践的观点,辩证法的观点,群众的观点,B,中,
2,认识的主体是在实践中从事活动的人，认识主体的本质属性是（）,自然性,社会性,实践性,主观性,B,中,
2,主体和客体的关系，从根本上说是（）,认识关系和实践关系,认识和被认识的关系,反映和被反映的关系,主观和客观的关系,A,中,
2,只有音乐才能激起人们的音乐感，对于没有音乐感的耳朵来说，最美的音乐也毫无意义，这表明（）,人的认识是主体与客体相互作用的过程和结果,人的感觉能力决定认识的产生和发展,人的认识能力是由人的生理结构决定的,事物因人的感觉而存在,A,中,
2,“世人闻秋悲寂寥，我道秋日胜春潮。晴空一鹤排云上，便引诗情到碧霄。”从唯物论的角度看，这首诗表明（）,诗人积极向上的人生观,事物是不断运动变化发展的,人们对同一事物的反映是有差别的,实践是认识的来源，认识反作用于实践,C,中,
2,古希腊的亚里士多德提出物体的降落速度与物体的重量成正比，人们长期把它视为真理。16世纪末，伽利略通过在比萨斜塔所做的自由落体试验，推翻了亚里士多德的观点，这件事说明（）,只有理性认识才能把握事物的本质,实践是检验认识正确与否的唯一标准,实践是认识的根本目的,科学理论对实践具有指导作用,B,中,
2,“书是人类进步的阶梯”，这句话强调的是（）,直接经验的作用,间接经验的作用,感性认识的作用,理性认识的作用,B,中,
2,“在实践基础上的理论创新是社会变革的先导”这一命题（）,夸大了认识对实践的反作用,强调了认识对实践的决定作用,强调了认识对实践的能动作用,低估了实践对认识的决定作用,C,中,
2,感性认识和理性认识是辩证统一的，统一的基础是（）,认识,运动,实践,世界,C,中,
2,当我们在书中看到动物、植物等某一个具体概念时，就会在大脑中立即出现一个感性的形象与此概念相对应，这表明（）,感性认识和理性认识相互渗透,感性认识和理性认识相互转化,概念是思维的细胞和推理的工具,感性认识是理性认识的前提和基础,A,中,
2,“熟知不等于真知”这句谚语表明（）,感性认识高于理性认识,感性认识和理性认识相互依存,感性认识和理性认识相互渗透,感性认识和理性认识在内容和形式上有质的区别,D,中,
2,认识过程的第二次能动的飞跃是（）,从感性认识到实践,从实践到认识,从经验到理论,从理性认识到实践,D,中,
2,对不可知论以最有力驳斥的是（）,客观真理,客观事实,社会实践,客观规律,C,中,
2,没来科学家尼葛庞蒂说，预测未来的最好办法就是把它创造出来，从认识和实践的关系看，这句话对我们的启示是（）,认识总是滞后于实践,实践和认识互为先导,实践高于认识，因为它不仅具有普遍性品格，而且具有直接现实性品格,实践与认识是合一的,C,中,
2,“理论一定要随着实践的发展而发展，才能和变化了的客观实际相符合”，这句话表明（）,真理不是绝对的而是相对的,人们的认识能力是有限的,理论和实践是具体的、历史的统一,感性认识有待于发展到理性认识,C,中,
2,“知屋漏者在宇下，知政失者在草野。”这一古训蕴涵的哲理是（）,感性认识高于理性认识,直接经验比间接经验更重要,人的经验是判断是非得失的根本尺度,人民群众的直接经验即实践是认识的重要基础,D,中,
2,马克思主义的真理观既是唯物的，又是辩证的。真理观的辩证法表现在（）,承认客观真理和主观真理的统一,承认绝对真理和相对真理的统一,承认抽象真理和具体真理的统一,承认感性真理和理性真理的统一,B,中,
2,列宁说过：“人不能完全的把握、反映、描绘整个自然界、它的‘直接的总体’，人只能通过创立抽象、概念、规律、科学的世界图景等等永远的接近于这一点。”这句话表明（）,真理是无条件的、无限的,真理是不能把握和认识的,真理是相对性和绝对性的统一,真理只能是主观对客观事物近似正确即相对正确的反映,D,中,
2,在平面中三角形内角和等于180度，但在球面中，三角形内角和大于180度，在凹面中内角和小于180度。这说明（）,真理具有绝对性,真理具有相对性,真理具有客观性,真理具有全面性,B,中,
2,“真理是时间的女儿，不是权威的女儿”。这句名言指（）,真理和权威是相互排斥的,真理要靠历史和实践的检验,真理和权威是相互联系的,只有服从真理才具有权威,B,中,
2,列宁说，任何真理如果把它说得过火……加以夸大，把它运用到实际所能应用的范围以外去，便可以弄到荒谬绝伦的地步，而且在这种情形下，甚至必然会变成荒谬绝伦的东西。这句话揭示了真理和谬误相伴而生。真理和谬误的根本区别在于（）,是否符合人们的利益和愿望,是否经得住思想的批判,是否与客观实际相符合,是否为大多数人所接受,C,中,
2,列宁在谈到检验真理的实践标准时指出，这个标准也是这样的“不确定”，以便不至于使人的知识变成“绝对”，同时它又是这样的确定。以便同唯心主义和不可知论的一切变种进行无情的斗争。这句话说明（）,实践不是检验真理的唯一标准,实践标准并不可靠,实践标准并不确定,实践标准是绝对性和相对性的统一,D,中,
2,与经济上的价值范畴不同，哲学上的价值范畴揭示的是（）,主体客体之间改造和被改造的关系,主体客体之间认识和被认识的关系,主体客体之间反映和被反映的关系,客体以其属性满足主体需要的关系,D,中,
2,在灾难面前，所有的人都感到必须要做点什么，这种必须要做点什么的感觉，表现出人们内心有一种通过行动实现自身价值的愿望。5・12大地震。中国因为在救灾中表现出的人道主义光芒、勇敢与毅力而赢得了世界的尊敬。玉树地震，救灾再次牵动人心，社会各界在中央电视台举办的募捐晚会中募得善款21.75亿元，这表明（）,人的价值通过能力大小得到表现,人的价值通过满足个人需要得到表现,人的价值只体现在特定的场合和行为中,人的价值在满足自身和他人的需要中得到实现,D,中,
2,价值评价的认识对象是（）,价值主体的主观需要,价值客体的结构和功能,主客体之间的价值关系,主客体之间的依赖关系,C,中,
2,列宁说，必须把人的全部实践――作为真理的标准，也作为事物同人所需要它的那一点的联系的实际确定者――包括到事物的完整的“定义”中去。这句话表明（）,价值评价是一种主观随意性的认识活动,价值评价是反映了价值依赖关系的评价,实践是检验评价结果的标准,价值评价没有客观标准,C,中,
2,马克思主义认识论的根本要求和具体体现是（）,一切从实际出发,一切从根本原则出发,感性认识和理性认识的统一,认识与实践的统一,A,中,
2,马克思主义理论体系博大精深，学习马克思主义的目的不是成为困于书斋、束之高阁的谈论家，而是理论联系实际，用马克思主义指导实践。为此，要正确把握马克思主义的精髓。马克思主义的精髓是（）,辩证唯物主义,历史唯物主义,实事求是,一分为二,C,中,
2,恩格斯说“人的智力是按人如何学会改造自然界而发展的”，这句话说明（）,人具有改造世界的能力,人的认识具有主观能动性,人的认识能力是不受限制的,实践是认识发展的动力,D,中,
2,实践是认识的基础表明（）,每个人必须事事实践才能有认识,只要参加实践就一定能获得正确的认识,直接知识来自实践，间接知识不来自实践,一切认识归根到底来自实践,D,中,
2,认识的主体性原则是指（）,主观性原则,主体决定客体原则,主体的能动性原则,客体依赖主体的原则,C,中,
2,实践高于理论的认识是因为实践具有（）,普遍性,客观实在性,直接现实性,社会历史性,C,中,
2,直接经验和间接经验的关系是（）,第一性和第二性的关系,认识的“源”和“流”的关系,主观和客观的关系,反映和被反映的关系,B,中,
2,“感亦须待有物，有物则有感，无物则何所感？”这是在认识论上坚持了（）,可知论,唯物论的反映论,辩证法,唯心论的感觉论,B,中,
2,认识的起点是感觉，这是（）,只有唯物主义才承认的观点,唯物主义和唯心主义都可以承认的观点,只有辩证唯物主义才承认的观点,唯心主义承认的观点,B,中,
2,从信息的角度看，反映的发生就是（）,信息的传播过程,信息的产生过程,接受和保留信息的过程,信息的刺激过程,C,中,
2,唯物主义认识论都坚持（）,唯理论,经验论,先验论,反映论,D,中,
2,真理与价值的关系是（）,主体与客体的关系,选择与被选择的关系,第一性与第二性的关系,真理的功能与满足人的需要的关系,D,中,
2,马克思主义认识论是（  ） ,能动的反映论,经验论,先验论,不可知论,A,中,
2,“学而不思则罔”是指（）,感性认识需要上升到理性认识,理性认识需要上升到感性认识,感性认识是对事物的正确反映,理性认识是对事物的正确反映,A,中,
2,一个完整的认识过程需要经过两次飞跃。下列选项中属于第二次飞跃的是（   ）,调查研究，了解情况,深入思考，形成理论,精心安排，制定计划?,执行计划，付诸实践,D,中,
2,一个完整的认识过程是（   ）,感觉――知觉――表象,概念――判断――推理,实践――认识――实践,感性认识―理性认识―感性认识,C,中,
2,1663年，伽利略因宣传“日心说”被教廷判处终生监禁。1979年11月10日罗马教皇在公开集会上正式承认伽利略在350多年前受到教廷审判是不公正的，公开为伽利略平反。这说明（   ）,谬误可以转化为真理 ,真理在一定条件下可以转化为谬误,真理是不断发展的,真理终将战胜谬误,D,中,
2,在认识论中坚持反映论原则的是（   ）,所有唯物主义的观点,辩证唯物主义观点,机械唯物主义观点,朴素唯物主义观点,A,中,
2,要判定认识的正确与否，下列哪项不属于唯心主义判定标准（  ）,圣人意见为标准,实践标准,多数人意见为标准,以“有用”为标准,B,中,
2,毛泽东说：“马克思主义哲学认为十分重要的问题，不在于懂得了客观世界的规律性，因而能够解释世界，而在于拿了这种对于客观规律性的认识去能动的改造世界。”这段话强调的是（   ）,认识的任务在于透过事物的现象抓住事物的本质,认识的任务不仅在于解释世界，更重要的是改造世界,认识的任务在于运用客观规律解释世界,只要了解了客观规律就能成功的改造世界,B,中,
2,真理客观性的含义是指（）,真理的内容是客观的,真理是自然规律,真理是社会规律,真理是永恒的,A,中,
2,真理和价值在认识和实践中是（  ）,各自独立、毫不相干的,相互冲突、无法统一的,相互制约、相互引导、相互促进的,合二而一、无法区分的,C,中,
2,理性认识的特点是（）,直接性和现实性,间接性和抽象性,客观性和实在性,具体性和历史性,B,中,
2,感性认识的局限性在于（）,只是对事物的外部联系的认识,是不可靠的,没有客观依据,是人的感官自生的,A,中,
2,实践作为检验真理的标准，既具有确定性，又具有不确定性。实践标准之所以具有不确定性，是因为（）,真理本身具有不确定性,从事实践活动的人的世界观的差异性,不同阶级的人，具有不同的实践目的,具体的、历史的实践，总带有一定的局限性,D,,
3,社会存在是指（）,生产力各要素的总和,生产关系各方面的总和,生产力和生产关系的总和,社会物质生活条件的总和,D,中,
3,在社会发展中起决定作用的因素是（）,地理环境的优劣,物质资料的生产方式,社会风气的好坏,人口增长的快慢,B,中,
3,科学技术属于现代生产力系统的要素，这是因为（）,它是对自然界的现象及其发展规律的正确认识,它能把生产能力系统中的各要素组合成统一整体,它渗透到生产力诸要素中并转化为现实生产力,它是构成现代生产力系统的独立的实体性因素,C,中,
3,先进的社会意识之所以能对社会的发展起促进作用，是由于（）,它正确反映了社会发展规律,它是对社会存在的反映,它具有历史继承性,它具有相对独立性,A,中,
3,历史观的基本问题是（）,生产力与生产关系的关系问题,经济基础与上层建筑的关系问题,社会存在与社会意识的关系问题,社会生产与社会消费的关系问题,C,中,
3,生产力范畴反映的是（）,人与社会之间的关系,人与自然之间的关系,人与人之间的社会关系,人与劳动资料之间的关系,B,中,
3,判断一种生产关系是否先进的根本标志在于它是（）,促进生产力发展还是阻碍生产力发展,生产资料公有制还是生产资料私有制,社会化的大生产还是个体小生产,封闭的自然经济还是开放的市场经济,A,中,
3,我国社会主义初级阶段实行以公有制为主体、多种所有制经济共同发展的基本经济制度，促进了生产力的发展。说明实行这种经济制度遵循了（）,社会经济制度决定生产力状况的原理,生产力具有加速发展的原理,经济基础具有相对独立性的原理,生产力决定生产关系的原理,D,中,
3,经济基础是一定社会中（）,生产力系统各要素的总和,生产力和生产关系的总和,占统治地位的生产关系各方面的总和,占统治地位的各种社会关系的总和,C,中,
3,“社会形态的发展是一种自然历史过程”。这句话说的是（）,社会规律与自然规律没有差别,社会发展是纯粹自发的过程,人的思想动机对社会发展不起作用,社会发展具有不以人的意志为转移的客观规律性,D,中,
3,人类社会的基本矛盾是（）,生产力与生产关系、经济基础与上层建筑之间的矛盾,先进与落后之间的矛盾,封闭与开放之间的矛盾,社会存在与社会意识之间的矛盾,A,中,
3,人类社会发展的基本动力是（ ）,阶级斗争,个人和群众的矛盾,社会基本矛盾,革命和改革,C,中,
3,阶级斗争是阶级社会发展的（）,直接动力,根本动力,最终动力,唯一动力,A,中,
3,改革在历史上具有普遍性，它是（）,社会制度更替的一种形式,统治阶级向被统治阶级妥协,对社会体制进行改善和革新,革命阶级推翻反动阶级统治的斗争,C,中,
3,社会主义社会的改革是（）,改变社会主义的基本经济制度,改变社会主义的基本政治制度,改变社会主义的经济运行形式,社会主义制度的自我完善,D,中,
3,人的本质在于（）,人的自然属性,人的社会属性,人的思想品德,人的文化素质,B,中,
3,全部人类社会关系中，最基础的关系是（）,血缘亲族关系,社会生产关系,政治思想关系,阶级压迫关系,B,中,
3,“手推磨产生的是封建主为首的社会，蒸汽磨产生的是工业资本家为首的社会。”这句话是说（ ）,生产关系对生产力的反作用,生产力直接决定生产关系,生产力决定生产关系,生产力同生产关系相适应,C,中,
3,社会精神财富的源泉是（ ）,客观的物质世界,脑力劳动者的集体智慧,思想家们的创造性思维,人民群众的社会实践,D,中,
3,下列各组社会意识形式中，全部属于非意识形态的是（ ）,自然科学、逻辑学、语言学,政治思想、语言学、道德,法律思想、逻辑学、宗教,技术科学、哲学、艺术,A,中,
3,社会形态是（ ）,社会存在和社会意识的统一,地理环境、人口因素和物质资料生产方式的统一,国体与政体的统一,经济基础和上层建筑的统一,D,中,
3,人民群众是历史创造者的原理的理论前提是（ ）,社会历史是人们的活动创造的,社会历史的发展是不断进步的,社会历史的发展是有规律的,社会存在决定社会意识,A,中,
3,划分历史唯物主义和历史唯心主义的唯一标准，是看它是否承认（ ）,社会历史是发展变化的,人们的思想对社会的发展有重要作用,社会存在决定社会意识,社会历史是人们自觉活动的结果,C,中,
3,在生产力和生产关系这对矛盾中（ ）,生产力的性质决定生产关系的性质,生产力的变化落后于生产关系的变化,生产关系总是适应生产力的发展水平,生产关系可以超越生产力的发展水平,A,中,
3,经济基础决定上层建筑，说的是（ ）,任何社会的上层建筑都根源于它的经济基础,任何社会的上层建筑都产生于它的经济基础之后,上层建筑任何部分的变化都与经济基础的变化同步,上层建筑任何部分的性质都由经济基础直接决定,A,中,
3,人类全部社会关系中最基础的关系是（ ）,生产关系,家庭关系,政治关系,思想关系,A,中,
3,社会意识是（ ）,对社会存在的反映,对政治状况的反映,统治阶级意志的表现,人民群众愿望的表现,A,中,
3,20 纪50 年代的北大荒经过半个世纪的开垦，成了全国闻名的“北大仓”。然而由于过度开垦已经造成了许多生态问题。现在，黑龙江垦区全面停止开荒，退耕还“荒”这说明（）,人与自然的和谐最终以恢复原始生态为归宿,人们改造自然的一切行为都会遭到“自然界的报复”,人在自然界面前总是处于被支配的地位,人们应合理地调节人与自然之间的物质变换,D,中,
3,改革和社会革命都根源于（）,生产力和生产关系之间的矛盾,统治阶级和被统治阶级之间的矛盾,剥削阶级和被剥削阶级之间的矛盾,统治阶级内部各政治派别之间的矛盾,A,中,
3,“任何英雄人物的历史作用都不能超出他们所处历史条件许可的范围”。这种看法是（）,历史唯物主义观点,机械决定观点,历史宿命论观点,历史循环论观点,A,中,
3,上层建筑的核心是（）,社会意识形态,政治法律思想,国家政权,政体,C,中,
3,物质资料生产方式是（ ）,主体与客体的统一,自然与社会的统一,生产与消费的统一,生产力与生产关系的统一,D,中,
3,下列各项属于社会意识相对独立性表现的是（ ）,阶级性,继承性,社会性,主观性,B,中,
3,地理环境在社会发展中的作用主要通过（）,对人的心理素质的影响才能实现,对人的生理结构的影响才能实现,对生产过程的影响才能实现,对民族气质的影响才能实现,C,中,
3,衡量社会进步的根本标准是（ ）,社会经济制度的性质,社会政治制度的性质,社会生产力的发展水平,精神文明的发展水平,C,中,
3,物质资料生产是人类社会 （ ）,生产力的社会形式,生产关系的构成要素,存在和发展的基础,经济规律产生的客观经济条件,C,中,
3,推动社会经济发展并决定社会经济制度变革的经济规律是 （ ）,价值规律,剩余价值规律,社会基本经济规律,生产关系一定要适合生产力状况的规律,D,中,
3,划分阶级的主要标志是各种社会集团（）,在国家政权中的不同地位,在劳动组织中的不同作用,取得劳动产品的不同方式,对生产资料的不同关系,D,中,
3,历史人物在历史上的作用表现为（ ）,加速或延缓历史的发展,改变历史发展的规律,决定历史时代的根本特点,改变历史发展的方向,A,中,
3,从起源上说，国家是（）,人们通过订立契约形成的,阶级矛盾不可调和的产物和表现,一个民族征服另一个民族的产物和表现,人们协调公共社会秩序的产物和表现,B,中,
3,最有利于社会发展的人口状况是（）,人口多、密度大,人口少、密度小,人口不增也不减,与物质的生产相适应,D,中,
3,人口因素在社会发展中的作用是（）,可以制约和影响社会发展,可以决定国家的贫富强弱,可以决定社会制度的性质,可以决定社会制度的更替,A,中,
3,列宁说：“意识到自己的奴隶地位而与之斗争的奴隶，是革命家。没有意识到自己的奴隶地位而过着默默无言、浑浑噩噩、忍气吞声的奴隶生活的奴隶，是十足的奴隶。对奴隶生活的各种好处津津乐道，并对和善的奴隶主感激不尽，以至垂涎欲滴的奴隶，才是无耻之流。”这三种奴隶的思想意识之所以有如此大的差异，是由于（）,人的社会意识并不是社会存在的反映,人的社会意识与社会存在是有不一致性,人的社会意识中的各种形式之间相互作用,人的社会意识具有历史继承性,B,中,
3,国家政权属于（）,社会的上层建筑,社会的经济基础,社会的物质生活条件,剥削阶级意志的表现,A,中,
3,马克思主义把人类社会的发展划分为五种社会形态，这种划分法所依据的标准是 （）,意识形态的不同性质,生产关系的不同性质,生产力的不同水平,人的发展的不同状况,B,中,
3,社会革命的最深刻根源在于（）,社会基本矛盾的激化,先进思想的传播,英雄人物的组织,人口数量的增多,A,中,
3,人口因素是指（ ）,一定质量的人口,一定数量的人口,一定构成和分布的人口,从事物质资料生产和自然生产的人们的总和,D,中,
3,衡量生产力水平的客观尺度是（ ）,劳动工具的状况,劳动者的素质,劳动对象的广度和深度,劳动产品的数量和质量,A,中,
3,人民群众是历史的创造者。这是因为人民群众是社会变革的决定力量，还因为（ ）,人民群众是社会物质财富和精神财富的创造者,人民群众的一切活动都能推动历史进步,人民群众的愿望要求都是天然合理的,人民群众的活动是不受历史条件制约的,A,中,
3,社会意识相对独立性的最突出表现在于它（ ）,同社会存在发展的不同步性,具有历史继承性,对社会存在具有能动的反作用,同社会经济的发展具有不平衡性,C,中,
3,阶级斗争对阶级社会发展的推动作用突出表现在（ ）,生产力的发展,生产关系的变革,社会形态的更替,科技的进步,C,中,
3,生产力和生产关系的矛盾中，生产力决定生产关系，是因为（ ）,生产力是第一性的，生产关系是第二性的,生产决定分配和消费,生产力具有客观性，生产关系具有主观性,生产力是最活跃、最革命的因素，生产关系是相对稳定的因素,D,中,
3,社会革命根源于（ ）,人口太多,少数英雄人物组织暴动,先进思想与革命理论的传播,社会基本矛盾的尖锐化,D,中,
3,“许多事情我们可以讲一千个理由、一万个理由，但老百姓吃不上饭，就没有理由。‘民以食为天’”。这段话表明（）,人们首先必须吃、喝、住、穿，然后才能从事政治、科技、艺术、宗教等等活动,人的生理需求是历史的基础,人的自然属性决定着人的本质,人的物质欲望是社会发展的根本动力,A,中,
3,十一届三中全会以来，我党制定的一系列正确的路线、方针、政策促进了我国经济的迅猛发展，这说明（）,经济基础发展的道路是由上层建筑决定的?,上层建筑的发展决定经济基础的发展方向? ,上层建筑对经济基础具有积极的能动作用,社会主义社会的发展不受经济基础决定上层建筑规律的制约? ,C,中,
3,理解人类社会发展的钥匙是（）,阶级斗争史,思想发展史,劳动发展史,文化发展史,C,中,
3,上层建筑是指（）,社会的经济制度,科学技术? ,社会生产关系,建立在一定社会经济基础之上的意识形态及相应的制度和设施? ,D,中,
3,人类区别于动物的根本标志是（）,制造使用工具,具有宗教信仰,具有语言文字,具有思想意识,A,中,
3,我国跨越资本主义社会，直接过度到社会主义社会，这说明（）,五种社会形态划分的理论是错误的,社会形态的更替没有规律可以遵循 ,它的发展违背了历史发展的客观规律,它的发展是以世界范围内五种社会形态依次更替为前提的? ,D,中,
3,人民群众既是历史的“剧中人”，又是历史的“剧作者”，这是?（） ,唯心主义的观点,折中主义的观点? ,历史唯物主义的观点?,历史循环论的观点巧,C,中,
3,阶级实质上是一个（）,思想范畴,经济范畴,政治范畴?,文化范畴? ,B,中,
3,英雄史观的理论出发点是主张（）,人是社会历史的主体,人的意识对社会存在具有能动的作用,社会意识决定社会存在?,社会运动受偶然性支配,C,中,
3,制约人民群众创造历史的决定性条件是? （）,经济条件?,法律制度,传统观念,文化水平? ,A,中,
3,历史上杰出人物的产生（）,纯粹偶然的,纯粹必然的,偶然与必然的统一?,有的是偶然有的是必然? ,C,中,
3,“社会形态发展是自然历史过程”，指的是（）,社会形态的发展与自然界发展完全一样,社会形态的发展是纯粹自发的过程,社会形态的发展是一种客观的有规律运动过程,社会形态的发展与主体的选择无关,C,中,
3,历史人物分为杰出人物和反动人物，杰出人物是（）,对历史发展起促进作用的伟大人物,特指无产阶级的伟大政治家和思想家,特指被压迫阶级的政治代表人物,特指代表劳动人民利益的理论家,A,中,
3,在下列选项中，属于非意识形态的是（）,宗教,艺术,哲学,逻辑学,D,中,
3,关于人的价值的正确观点是（ ）,人的自我价值就在人本身，人生来都有平等的价值,人的自我价值就在于自由，它是通过人的自由选择实现的,人的自我价值在于采取必要手段赢得一定的社会地位,人的自我价值在于社会对个人的尊重和满足,D,中,
3,生产关系是反映（）,人与人之间经济关系的范畴,人与人之间利害关系的范畴,人与自然之间关系的范畴,人与社会之间关系的范畴,A,中,
3,生产关系包括多方面的内容，其中起决定作用的内容是（）,人们在生产过程中的相互关系,生产资料的所有制形式,产品的分配形式,产品的交换方式,B,中,
3,上层建筑是一个庞大的系统，由两部分构成，这两部分是（）,政治上层建筑和观念上层建筑,政治思想和法律思想,政治制度和法律制度? ,行政机关和立法机关,A,中,
3,在经济基础和上层建筑这对矛盾中（）,上层建筑决定经济基础的性质,上层建筑决定经济基础的变革要求,上层建筑对经济基础具有反作用,上层建筑各部分随着经济基础的变更立即发生变化,C,中,
3,区分国家性质的主要根据是（）,社会生产力发展的程度,各阶级在国家中的地位,国家政权的构成形式,科学文化的发展水平,B,中,
3,政体问题说的是（）,哪个阶级掌握国家政权,一党执政还是多党共同执政,国家政权的组织形式和管理形式,社会各阶级在国家政权中的作用,C,中,
3,国体指的是（）,社会各阶级在国家政权中的地位和作用,国家的政权的组织形式和管理形式,国家政权的政治职能,国家政权的社会职能,A,中,
3,国家政权主要代表（）,剥削阶级的利益,劳动人民的利益,统治阶级的利益,先进阶级的利益,C,中,
3,马克思主义认为，阶级斗争的根源是（）,不同阶级在政治态度上的根本对立,不同阶级在意识形态上的根本对立,不同阶级在经济利益上的根本对立,不同阶级在职业分工上的根本对立,C,中,
3,马克思主义认为，阶级产生的基本前提是（）,通过放高利贷而获取高额利息,通过做投机生意而攫取高额利润,由于生产力发展而出现剩余产品,通过发动战争掠夺其他氏族的财产,C,中,
3,国家是凌驾于社会之上的特殊社会权利的观点，这是对（）,国家本质的错误论断,国家起源的正确论断,国家阶级性的正确论断,国家职能的错误论断,A,中,
3,人的价值的二重性是指（）,目的性和创造性,目的性和能动性,目的性和工具性,能动性和创造性,C,中,
4,商品是（）,用于满足人们需要的劳动产品,为市场交换而生产的有用的劳动产品,一切物品,一切有用的物品,B,中,
4,一定社会财富的物质内容由（）,使用价值构成,交换价值构成,价值构成,货币构成,A,中,
4,价值或交换价值的物质承担者是（）,商品,货币,价格,使用价值,D,中,
4,商品的二因素是由（）,劳动生产率决定的,劳动时间的二重性决定的,生产商品的劳动二重性决定的,劳动的复杂程度决定的,C,中,
4,商品是使用价值和价值的对立统一体，因此（）,没有使用价值的东西就不会有价值,没有价值的东西就不会有使用价值,具有使用价值的东西就一定有价值,产品中只要有劳动就一定有使用价值,A,中,
4,商品的价值量取决于（）,必要劳动时间,剩余劳动时间,个别劳动时间,社会必要劳动时间,D,中,
4,货币转化为资本的前提条件是（）,不等价交换,劳动成为商品,劳动力成为商品,货币所有者把货币投入生产领域,C,中,
4,剩余价值来源于（）,不等价交换,工人工资的扣除,工人的剩余劳动,劳动力的价值,C,中,
4,资本主义生产过程是（）,劳动过程和使用价值生产过程的统一,劳动过程和价值形成过程的统一,劳动过程和价值增殖过程的统一,价值形成和价值增殖过程的统一,C,中,
4,区分不变资本和可变资本的依据是资本的不同部分（）,在生产中位置是否移动,在运动中职能是否变化,在价值增殖中的作用不同,根据价值周转方式不同,C,中,
4,资本主义基本矛盾是（）,生产与需要的矛盾,无产阶级和资产阶级的矛盾,生产力和上层建筑的矛盾,生产社会化和生产资料资本主义私人占有的矛盾,D,中,
4,资本主义经济危机的实质是（）,生产过剩的经济危机,生产不足的经济危机,生产相对过剩的经济危机,生产严重短缺的经济危机,C,中,
4,产业资本在其循环运动中所采取的三种职能形式是（）,固定资本、流动资本、货币资本,不变资本、可变资本、商品资本,产业资本、商业资本、借贷资本,货币资本、生产资本、商品资本,D,中,
4,商品价值量是由生产商品的社会必要劳动时间决定，它是在（ ）,同类商品的生产者之间的竞争中实现的,不同部门之间的竞争实现的,商品的生产者和消费者之间的竞争中实现的,商品的生产者和销售者之间的竞争中实现的,A,中,
4,下列选项中属于不变资本又属于固定资本的是（）,原料,燃料,辅助材料,机器、设备,D,中,
4,研究社会资本再生产的核心问题是（）,剩余价值的实现问题,社会总产品的实现问题,社会总产值的构成问题,国民收入的分配问题,B,中,
4,利润本质上是（）,成本价格的产物,所费资本的产物,全部预付资本的产物,剩余价值,D,中,
4,平均利润率的形成是（）,不同部门的资本家之间竞争的结果,同一部门内部的资本家之间竞争的结果,同一部门资本家追求超额利润的结果,资本有机构成提高的结果,A,中,
4,商品的二因素之所以是使用价值和价值，而不是使用价值和交换价值，是因为 （ ）,商品的二因素是由生产商品的劳动二重性决定的,价值是交换价值的内容和基础，交换价值是价值的表现形式,使用价值是价值的物质承担者,价值是一般人类劳动的凝结,B,中,
4,马克思指出：“如果物没有用，那么其中包含的劳动也就没有用，不能算作劳动。因此不形成价值。”这段话说明（ ）,价值的存在以物的有用性为前提,价值的存在与物的有用性互为前提,只要物是有用的，它就有价值,物越是有用就越有价值,A,中,
4,劳动生产率的变化（ ）,与单位商品价值量成反比，与商品使用价值总量成正比,与商品使用价值数量成反比，与单位商品价值量成正比,与商品使用价值数量成反比，与单位时间内商品价值总量成正比,与单位时间内商品价值总量成反比，与商品使用价值数量成正比,A,中,
4,生产商品的劳动二重性是指（ ）,简单劳动和复杂劳动,私人劳动和社会劳动,具体劳动和抽象劳动,生产劳动和非生产劳动,C,中,
4,商品生产者要获得更多的收益，必须使生产商品的个别劳动时间（ ）,大大高于社会必要劳动时间,低于社会必要劳动时间,等于社会必要劳动时间,略高于社会必要劳动时间,B,中,
4,资本家改进技术提高劳动生产率的直接目的是（ ）,提高产品的质量,减轻劳动强度,获取相对剩余价值,获取超额剩余价值,D,中,
4,棉纺厂因棉花价格上涨而增加了资本的垫支，它影响该厂的（ ）,资本技术构成,资本价值构成,资本物质构成,资本有机构成,B,中,
4,相对剩余价值的获得是（ ）,延长工人劳动时间的结果,社会普遍提高劳动生产率的结果,普遍提高工人劳动强度的结果,个别资本家提高劳动生产率的结果,B,中,
4,资产阶级意识形态的核心是（ ）,利己主义,利他主义,集体主义,享乐主义,A,中,
4,马克思指出：生产剩余价值或赚钱，是这个生产方式的绝对规律。这表明：资本主义的基本经济规律是（）,价值规律,剩余价值规律,劳动力成为商品规律,部门之间竞争规律,B,中,
4,某工厂原工作日为8 小时，必要劳动时间和剩余劳动时间各为4 小时，若采用绝对剩余价值生产方法，增加剩余劳动时间2 小时，则剩余价值率为（ ）,120%,150%,180%,200%,B,中,
4,在简单商品经济中，价值规律作用的表现形式是（）,商品价格与价值经常保持一致,商品价格围绕价值上下波动,商品价格围绕生产价格上下波动,商品价格围绕垄断价格上下波动,B,中,
4,资本主义扩大再生产的重要源泉是（ ）,剩余价值,可变资本,资本积累,剩余劳动,C,中,
4,货币的本质是（ ）,价值符号,流通手段,支付手段,固定充当一般等价物的特殊商品,D,中,
4,资本的有机构成可表示为（ ）,c∶v,m∶c,c∶m,m∶v,A,中,
4,资本主义社会中工人的工资是（ ）,工人全部劳动的报酬,劳动价值或价格的转化形式,劳动力价值或价格的转化形式,工人在剩余劳动时间内创造的新价值,C,中,
4,社会生产过程包括的环节是（ ）,购买、生产和销售,生产、分配、交换和消费,循环、周转和社会资本再生产,危机、萧条、复苏和高涨,B,中,
4,劳动力商品与其他商品不同的最根本特征是（ ）,劳动力存在于人的身体之内,劳动力在一定条件下可以转化为商品,劳动力使用价值是价值与剩余价值的源泉,劳动力价值受历史道德因素影响,C,中,
4,在资本主义生产过程中，生产资料的价值（ ）,随着生产耗费而逐渐消失,能够发生价值增殖,借助具体劳动转移到产品中去,借助抽象劳动而再生产出来,C,中,
4,不同的商品之所以能按一定的量的比例相交换，其原因在于它们 （ ）,有不同的使用价值,可以满足人们不同的需要,都是具体劳动的产物,都凝结了一般人类劳动,D,中,
4,“我们从小麦的滋味中根本无法判断它是封建农民生产的，还是资本主义制度下农业工人生产的。”这说明（）,使用价值是个历史的范畴,同一商品的使用价值会随生产关系的变化而变化,有使用价值的物品一定是商品,一种物品具有的使用价值并不反映生产关系的性质,D,中,
4,技师的工资高于清洁工的工资，是因为他们的劳动体现的是两种不同性质的劳动，即（ ）,具体劳动与抽象劳动,简单劳动与复杂劳动,个别劳动与社会劳动,必要劳动与剩余劳动,B,中,
5,自由竞争资本主义向垄断资本主义过渡的根源在于（ ）,资本积累的一般规律,资本有机构成不断提高 ,资本主义的基本矛盾,竞争的结果 ,C,中,
5,资本主义经济发展中，资本集中的直接后果是（ ）,社会总资本急剧增加,社会就业率明显提高,个别资本规模迅速扩大 ,绝对剩余价值总量快速增长 ,C,中,
5,垄断的形成是（）,生产集中发展到一定阶段的结果,生产输出的结果 ,金融资本统治的结果,国家干预经济生活的结果 ,A,中,
5,主要资本主义国家相继由自由竞争阶段发展到垄断阶段的时期是（）,18 世纪末期,19 世纪中期,19 世纪末 20 世纪初,第二次世界大战后 ,C,中,
5,垄断利润是（）,A.资本家获得的超额利润 ,垄断组织获得的平均利润,垄断组织获得的一般利润,垄断组织获得的超过平均利润的高额利润 ,D,中,
5,垄断价格实现的基础是（ ）,垄断统治,垄断利润,自由竞争,资本主义私有制 ,A,中,
5,垄断价格的形成和垄断利润的产生表明（ ） ,价值规律不再起作用了,价值规律的作用受到了限制,价值规律的作用形式发生了变化 ,价值规律的内容发生了变化,C,中,
5,垄断资本主义国家全部经济生活的基础是（）,垄断统治,资本输出,国际垄断同盟,占领殖民地,A,中,
5,各种垄断组织虽然形式不同，但本质都是为了（）,避免两败俱伤,联合起来共同发展,相互之间竞争,获取高额垄断利润,D,中,
5,垄断资本主义国家事实上的主宰者是（）,银行资本家,工业资本家,金融寡头,商业资本家,C,中,
5,垄断资本主义时期占统治地位的资本是（ ）,产业资本,金融资本,银行资本,商业资本 ,B,中,
5,垄断资本在经济政治上统治的目的归根到底是为了（）,规定垄断价格,获取高额垄断利润,掌握国家政权 ,避免两败俱伤,B,中,
5,垄断价格形成后，价值规律改变了（）,内容,作用性质,作用形式,作用力度,C,中,
5,金融寡头在经济上的统治主要是通过（）实现的,参与制,个人联合,建立政策研究咨询机构对政府施加影响 ,掌握舆论工具控制新闻媒介 ,A,中,
5,为了获得高额垄断利润，垄断组织在采购原材料时多采取（ ）,垄断高价,垄断低价,自由价格,市场价格,B,中,
5,国家垄断资本主义是（）,国家政权与垄断资本相结合的垄断资本主义,国家政权与垄断资本相分离的垄断资本主义,消除了生产无政府状态的垄断资本主义,解决了资本主义基本矛盾的垄断资本主义 ,A,中,
5,国家垄断资本主义的根本特征是（ ）,国有企业的存在,国私共有的垄断资本,私人垄断资本的主导地位,国家对经济的干预和调节 ,D,中,
5,国家垄断资本主义的产生和发展表明（）,资本主义仍然具有强大的生命力,社会主义制度很快就要建立,私有制已经被公有制所代替 ,资本主义社会不再存在竞争,A,中,
5,国家垄断资本主义对资本主义基本矛盾（） ,可以完全克服,不可能克服,有可能克服,可以克服其大部分 ,B,中,
5,垄断资本主义国家对经济的宏观管理与调节是代表着（）,大垄断资本家的经济利益,中小资本家的经济利益,垄断资产阶级的整体利益,全体劳动人民的共同利益 ,C,中,
5,垄断资本主义国家的计划管理是（）,从根本上解决了资本主义的基本矛盾,消除了资本主义经济危机,导致资本主义向社会主义和平过渡 ,使生产无政府状态得到一定的缓解 ,D,中,
5,资产阶级国家参与社会再生产的根本目的是（）,实现供求总量平衡，调整优化经济结构,合理配置资源，提高社会生产力,实现充分就业,保证垄断资产阶级获得高额垄断利润,D,中,
5,当代西方发达国家经济社会制度的性质是（） ,私人垄断资本主义,自由竞争资本主义,国家垄断资本主义,后资本主义,C,中,
5,资本输出的实质是（）,发达国家帮助发展中国家发展经济的手段,发达国家带动其商品输出的手段,发达国家与发展中国家的一种互助互利关系,资本掠夺、剥削和奴役其它国家和人民的重要手段 ,D,中,
5,自由竞争资本主义阶段，资本主义国家对外经济联系的主要方式是（）,资本输出,商品输出,对外经济援助,技术输出,B,中,
5,自由竞争资本主义阶段，资本国际化的主要形式是（）,生产资本,商业资本,借贷资本,国家资本,B,中,
5,跨国公司是（） ,发达国家共同出资建立的,是由一国或一国的垄断组织为主建立起来的,是多国垄断组织的联盟,有关国际经济组织投资建立的 ,B,中,
5,经济全球化（ ）,是生产力高度发展的产物,与生产力高度发展无关,阻碍了生产力高度发展,是少数国家推动的结果 ,A,中,
5,经济全球化的实质是（ ）,发达资本主义国家占优势、为主导的经济运动,发展中国家占优势、为主导的经济运动,对外开放国家占优势、为主导的经济运动,各国平等互利的经济运动,A,中,
5,经济全球化的进程明显加快的原因有很多，但不包括（ ）,第三次科学技术革命向纵深发展,国际贸易自由化程度大大提高,国际资本流动的大幅度增加,自由竞争资本主义阶段的出现,D,中,
6,空想社会主义产生于（ ）,16世纪初期,16世纪末期,15世纪初期,17世纪初期,A,中,
6,空想社会主义的开山之作是（）,《太阳城》,《自然法典》,《乌托邦》,《论法制或法律的原则》,C,中,
6,《乌托邦》的作者是（）,意大利康帕内拉,托马斯・莫尔,法国摩莱里,法国马布利,B,中,
6,科学社会主义的直接理论来源是（）,空想社会主义的学说,空想平均主义的学说,唯物史观和剩余价值学说,19 世纪三大空想社会主义,D,中,
6,科学社会主义的核心内容是（）,无产阶级专政和社会主义民主,唯物史观,无产阶级专政,国家政权,A,中,
6,社会主义的根本目的在于（）,消灭剥削、消除两极分化，最终达到共同富裕,建立无产阶级专政,巩固共产党的领导,镇压资产阶级的反抗,A,中,
6,社会主义政治制度的基本特征是（ ）,坚持社会主义方向,无产阶级政党领导,无产阶级专政的政权,马克思主义的指导,C,中,
6,社会主义各个阶段的划分依据最终应以 （）,生产力的发展为标准,生产关系为标准,生产资料的公有制程度为标准,以阶级斗争为标准,A,中,
6,无产阶级政党的组织原则是（）,集体领导,理论联系实际,实事求是,民主集中制,D,中,
6,科学社会主义问世的标志是（）,《资本论》第一卷出版,第一国际的成立,《共产党宣言》的发表,唯物史观的创立,C,中,
6,下列对无产阶级革命的特点描述不正确的是（）,无产阶级革命是不断前进的历史过程,无产阶级革命是为受苦人谋利益的运动,无产阶级革命是要彻底消灭一切阶级和阶级统治的革命,无产阶级革命是彻底消灭私有制、代之以生产资料公有制的革命,B,中,
6,20世纪是一个不平凡的伟大世纪，在这个世纪里，对人类历史发生了最深刻的影响，并将继续影响21世纪进程的是（）,苏联解体,联合国通过人权宣言,中华人民共和国的成立,社会主义革命的成功与社会主义制度的建立和发展,D,中,
6,无产阶级专政的实质是（）,领导和组织社会主义建设,镇压敌对阶级的反抗和破坏活动,无产阶级作为统治阶级掌握国家政权,要消灭剥削、消灭阶级，进到无阶级社会,C,中,
6,社会主义民主的本质和核心在于（）,镇压资产阶级的反抗,巩固共产党的领导,建立无产阶级专政,人民当家做主,D,中,
6,实现社会主义的必要政治前提是（）,建立无产阶级专政,无产阶级的革命斗争,无产阶级政党的领导,建立广泛的革命统一战线,A,中,
6,经济文化相对落后的国家可以先于资本主义国家进入社会主义，具有客观的历史条件，其根本原因是由于（）,革命的客观形势和条件所决定的,经济文化相对落后的国家具有较高的精神文明,社会主义生产关系可以在旧社会的内部孕育生长起来,它是以高度社会化的资本主义大生产作为社会主义革命的物质前提的,A,中,
6,关于社会主义在实践探索中曲折前进的下列说法中，观点错误的是（）,社会主义必然取代资本主义,国际共产主义运动当今正处在低潮时期,社会主义取代资本主义是一个长期的曲折的过程,社会主义在若干国家的严重挫折改变了资本主义必然灭亡的命运,D,中,
6,马克思列宁主义关于无产阶级政党学说的核心内容是（）,党的战略和策略问题,党的性质和奋斗目标,党的领导地位和作用问题,党的路线和组织原则问题,C,中,
6,马克思主义政党的组成成分是（）,劳动者,小资产阶级,被压迫阶级,工人阶级先进分子,D,中,
6,社会主义建设的领导核心是（）,科技文化精英人士,工人阶级先进分子,马克思主义政党,无产阶级领袖集团,C,中,
6,在理论上第一次将共产主义社会第一阶段称为社会主义的是（）,马克思,恩格斯,列宁,斯大林,A,中,
6,马克思说：“暴力是每一个孕育着新社会的旧社会的助产婆”，这说明（）,暴力革命是无产阶级革命的唯一形式,暴力革命是无产阶级革命的主要的基本形式,暴力革命与和平发展互相排斥,暴力革命与和平发展可以相互取代,B,中,
6,社会主义从理论到实践的飞跃，具体途径是（）,通过改革和革命实现的 ,通过对人民群众的教育和灌输实现的,实践,通过无产阶级革命实现的,D,中,
6,社会主义必然代替资本主义的主要依据是（）,无产阶级与资产阶级斗争尖锐化,个别企业有组织的生产与整个社会生产无政府状态之间的矛盾,现代无产阶级的日益壮大,生产的社会化与资本主义私人占有制之间的矛盾,D,中,
6,坚持四项基本原则的核心是（）,坚持社会主义道路,坚持马列主义、毛泽东思想,坚持党的领导,坚持人民民主专政,C,中,
7,共产主义社会的显著特征和一面旗帜是（ ）,按劳分配,按需分配,各尽所能，按劳分配,各尽所能，按需分配,D,中,
7,共产主义社会的必经阶段和必由之路是（）,社会主义革命和无产阶级专政,向社会主义过渡时期,社会主义初级阶段,社会主义社会,D,中,
7,中华民族走向共产主义的必由之路是（）,新民主主义革命,社会主义革命,无产阶级文化大革命,建设中国特色社会主义,D,中,
7,“两个必然”和“两个绝不会”是（）,矛盾的,两回事,有内在联系,是内容与形式的统一,C,中,
7,在展望未来社会问题上，马克思主义与空想社会主义的根本区别在于（）,对未来社会的详尽描述,对未来社会的抽象描述,对未来社会的大胆设想,坚持科学的立场、观点、方法,D,中,
7,在下列观点中，正确的是（）,只有空想社会主义思想家预见了未来社会,许多思想家都预见了未来社会,只有唯心主义思想家预见了未来社会,只有马克思列宁主义经典作家预见了未来社会,B,中,
7,采用“通过批判旧世界来发现新世界”方法的是（）,空想社会主义者,马克思主义,唯物主义,唯心主义,B,中,
7,“代替那存在着阶级和阶级对立的资产阶级旧社会的，将是这样一个联合体，在那里，每个人的自由发展是一切人的自由发展的条件”。这一段话出现在（）,《资本论》中,《共产主义原理》中,《哥达纲领批判》中,《共产党宣言》中,D,中,
7,“人的依赖性关系”指（）,资本主义社会之前的人与人之间的关系,资本主义社会之中的人与人之间的关系,社会主义社会之前的人与人之间的关系,共产主义社会之中的人与人之间的关系,A,中,
7,“物的依赖性关系”是（）,资本主义社会以前的人与人之间的关系,资本主义社会之中的人与人之间的关系,社会主义社会之中的人与人之间的关系,共产主义社会之中的人与人之间的关系,B,中,
7,“必然王国”和“自由王国”是（）,空间性概念,物质性概念,历史性概念,时间性概念,C,中,
7,在马克思主义看来，消灭“三大差别”的关键在于（）,消灭利益差别,消灭城市和乡村的差别,消灭脑力劳动和体力劳动的差别,消灭工业和农业的差别,A,中,
7,共产主义社会的物质基础是（）,比资本主义社会高的社会生产力,与发达资本主义国家相同的社会生产力,远远高于以往一切社会的高度发达的社会生产力,高新技术发达的生产力,C,中,
7,共产主义社会制度具有巨大优越性的根本保证是（）,社会制度的和谐完善,创造出前所未有的高水平的劳动生产率,人的精神境界极大提高,科学技术的不断进步,B,中,
7,阶级消灭和国家消亡的实现是在（）,社会主义革命中,社会主义初级阶段,社会主义高级阶段,共产主义社会,D,中,
7,共产主义社会的本质因素是（）,实现社会单一的公有制,按需分配,人的自由而全面发展,劳动生产率的极大提高,C,中,
7,自由王国是指（）,处于绝对自由的原始社会状态,不再受自然规律和社会规律支配的状态,允许自由竞争的资本主义状态,摆脱了自然和社会关系的奴役，成为自己社会关系主人的状态,D,中,
7,社会主义和共产主义都存在的经济关系是（）,实行生产资料的社会公有制,实行按劳分配原则,实行按需分配原则,实行商品经济、市场经济体制,A,中,
7,人的发展和社会发展之间的关系是（）,前者体现了个人价值，后者体现了社会价值,前者是个人理想，后者是社会的目标,前者和后者是彼此独立的历史发展过程,前者和后者互为前提和基础,D,中,
7,实行“各尽所能，按需分配”分配方式的是（）,原始社会,阶级社会,社会主义社会,共产主义社会,D,中,
7,列宁指出：马克思丝毫不想制造乌托邦，不想凭空猜测无法知道的事情。马克思提出共产主义的问题，正像一个自然科学家已经知道某一新的生物变种是怎样产生以及朝哪个方向演变才提出该生物变种的发展问题一样。这句话表明马克思（）,立足于揭示未来社会的一般特征,对未来社会不作详尽的细节描绘,在剖析资本主义社会旧世界中阐发未来新世界的特点,在揭示人类社会发展一般规律基础上指明社会发展的方向,D,中,
7,下列不属于“三大差别”的是（）,工业活动和农业活动的差异,城市生活和乡村生活的差异,脑力劳动和体力劳动之间的差异,资产阶级和劳动者之间的差异,D,中,
7,马克思主义追求的根本价值目标是（）,实现人的自由而全面的发展,实现人的自由发展,实现人的全面发展,实现全社会的发展,A,中,
7,党的最高纲领是（）,实现共产主义,建设中国特色社会主义,建立人民民主专政,进行社会主义革命,A,中,
7,共产主义一定能够实现，其决定因素是（）,共产主义的优越性,人类社会的发展规律,人类社会发展的曲折性,人类社会发展的多样性,B,中,
